company,month,product_family,product_line,quantity_sold,revenue_usd,revenue_idr,cogs_idr,gross_profit_idr,invoice_count,avg_selling_price_idr,gross_margin_pct
Matapel Chemicals Sample,2023-01-01,Specialty Chemicals,Additives,2293.02,8288.17,128466672.74,104219672.6626,24247000.0774,3,56025.09910074923,0.1887415588825345
Matapel Chemicals Sample,2023-01-01,Binders,Industrial Resins,1887.1000000000001,8900.9,137963924.24,110883558.9588,27080365.281199995,4,73108.96308621694,0.19628584378399813
Matapel Chemicals Sample,2023-01-01,Colorants,Inorganic Pigments,1771.7799999999997,6640.27,102924165.72999999,80351698.1274,22572467.6026,2,58090.827151226455,0.2193116402013318
Matapel Chemicals Sample,2023-01-01,Colorants,Organic Pigments,3857.7200000000003,24186.34,374888196.34,284247304.2717,90640892.06829998,4,97178.6952759661,0.24178113088973974
Matapel Chemicals Sample,2023-01-01,Solvents,Solvents,2920.44,16481.16,255457969.31,184578796.1908,70879173.11919999,4,87472.42515168947,0.27745923648671783
Matapel Chemicals Sample,2023-02-01,Specialty Chemicals,Additives,1650.46,8857.04,137284124.09,115653751.0384,21630373.051600005,3,83179.31006507277,0.15755917295593247
Matapel Chemicals Sample,2023-02-01,Binders,Industrial Resins,2040.64,9501.779999999999,147277485.37,120122645.3521,27154840.017899998,4,72172.20350968324,0.18437875924945252
Matapel Chemicals Sample,2023-02-01,Colorants,Inorganic Pigments,3787.91,23700.37,367355743.31,299727301.41290003,67628441.8971,4,96981.11710943503,0.18409523501046907
Matapel Chemicals Sample,2023-02-01,Colorants,Organic Pigments,3960.9,24560.190000000002,380682967.11,287699336.1594,92983630.9506,4,96110.21916988563,0.24425477098830106
Matapel Chemicals Sample,2023-02-01,Solvents,Solvents,1553.8,8731.8,135342850.17,95893134.0508,39449716.11919999,2,87104.42152786716,0.2914798681249022
Matapel Chemicals Sample,2023-03-01,Specialty Chemicals,Additives,3362.91,15164.58,235051097.73000002,195314677.6096,39736420.120400004,4,69895.14965610142,0.16905439074377218
Matapel Chemicals Sample,2023-03-01,Binders,Industrial Resins,1378.24,5179.8,80286836.00999999,61529484.973900005,18757351.036099993,3,58253.16055984443,0.23362922202792624
Matapel Chemicals Sample,2023-03-01,Colorants,Inorganic Pigments,3443.62,18152.39,281362191.2,222020463.7818,59341727.41820001,3,81705.35401699375,0.2109086766957195
Matapel Chemicals Sample,2023-03-01,Colorants,Organic Pigments,4772.700000000001,30556.160000000003,473620505.26,357944832.35260004,115675672.90739998,4,99235.33958975002,0.2442370455305738
Matapel Chemicals Sample,2023-03-01,Solvents,Solvents,2416.13,13329.23,206603162.83,153796766.5783,52806396.251700014,3,85509.95303646741,0.2555933584383259
Matapel Chemicals Sample,2023-04-01,Specialty Chemicals,Additives,2207.61,12369.95,191734187.05,161596311.9693,30137875.080699988,3,86851.4760532884,0.15718571395324873
Matapel Chemicals Sample,2023-04-01,Binders,Industrial Resins,2533.2,12667.32,196343351.39,162272291.62199998,34071059.76800001,4,77508.03386625611,0.1735279525728585
Matapel Chemicals Sample,2023-04-01,Colorants,Inorganic Pigments,4367.4,22805.45,353484506.41,286827744.85,66656761.55999999,4,80937.05783990477,0.18857053237486474
Matapel Chemicals Sample,2023-04-01,Colorants,Organic Pigments,4066.6800000000003,25158.75,389960696.48,298016625.9576,91944070.52240004,4,95891.66014537658,0.2357777882549135
Matapel Chemicals Sample,2023-04-01,Solvents,Solvents,2212.66,13048.150000000001,202246372.64999998,145430220.5171,56816152.13289997,3,91404.17987851726,0.28092544448855894
Matapel Chemicals Sample,2023-05-01,Specialty Chemicals,Additives,2459.84,11730.44,181821642.19,151259674.86679998,30561967.323200002,4,73916.04421019253,0.1680876212264289
Matapel Chemicals Sample,2023-05-01,Binders,Industrial Resins,2135.3199999999997,10371.33,160755699.58,133197473.0719,27558226.50810001,4,75284.1258359403,0.17142923442279365
Matapel Chemicals Sample,2023-05-01,Colorants,Inorganic Pigments,3049.9,15386.27,238487354.28,192158634.5397,46328719.7403,4,78195.138948818,0.19426069730266288
Matapel Chemicals Sample,2023-05-01,Colorants,Organic Pigments,3088.64,20688.91,320677954.94,236411304.4093,84266650.53069997,3,103824.96987023416,0.26277656206977673
Matapel Chemicals Sample,2023-05-01,Solvents,Solvents,1763.49,9497.56,147212125.44,107037496.0156,40174629.4244,3,83477.7205654696,0.2729029915458573
Matapel Chemicals Sample,2023-06-01,Specialty Chemicals,Additives,2196.0,9237.79,143185651.39,117701352.94569999,25484298.444300007,3,65202.93779143898,0.17798081160302504
Matapel Chemicals Sample,2023-06-01,Binders,Industrial Resins,2029.23,11033.82,171024198.14,142813506.81530002,28210691.324699987,3,84280.34187351853,0.16495146085471943
Matapel Chemicals Sample,2023-06-01,Colorants,Inorganic Pigments,4061.06,20529.33,318204448.53999996,256282927.1259,61921521.414100006,4,78355.02271328175,0.1945966553837042
Matapel Chemicals Sample,2023-06-01,Colorants,Organic Pigments,2832.87,18940.83,293582844.86,213954847.28429997,79627997.57570001,3,103634.4219325278,0.27122837376166165
Matapel Chemicals Sample,2023-06-01,Solvents,Solvents,2476.69,13975.41,216618752.45,155297437.05040002,61321315.3996,3,87463.00604839523,0.2830840576175611
Matapel Chemicals Sample,2023-07-01,Specialty Chemicals,Additives,2977.23,13407.2,207811710.79000002,172417361.7892,35394349.0008,4,69800.35495746047,0.17031931870560968
Matapel Chemicals Sample,2023-07-01,Binders,Industrial Resins,1713.46,9927.27,153872839.82,130025656.173,23847183.647000004,3,89802.41138981942,0.15497981108879494
Matapel Chemicals Sample,2023-07-01,Colorants,Inorganic Pigments,3063.66,15851.029999999999,245691031.36,193656825.75410002,52034205.605900005,3,80195.26688992904,0.21178715933532236
Matapel Chemicals Sample,2023-07-01,Colorants,Organic Pigments,3433.35,18647.32,289033473.13,229272468.1701,59761004.959900014,4,84184.09807622293,0.2067615363464183
Matapel Chemicals Sample,2023-07-01,Solvents,Solvents,2504.82,14127.019999999999,218968930.16,158579274.01160002,60389656.14839999,3,87419.02817767343,0.2757909814158266
Matapel Chemicals Sample,2023-08-01,Specialty Chemicals,Additives,1410.38,6140.34,95175248.94,78198465.9871,16976782.952900007,3,67481.98991761084,0.17837392748615183
Matapel Chemicals Sample,2023-08-01,Binders,Industrial Resins,2471.7799999999997,12205.02,189177922.29,157043536.6763,32134385.61370002,4,76535.09709197421,0.16986329707353306
Matapel Chemicals Sample,2023-08-01,Colorants,Inorganic Pigments,1479.37,10240.470000000001,158727289.69,125852604.88859999,32874684.801400006,2,107293.84108776033,0.20711425782929593
Matapel Chemicals Sample,2023-08-01,Colorants,Organic Pigments,4111.09,26191.690000000002,405971254.3,310368420.9624,95602833.3376,4,98750.27165544905,0.23549163228919776
Matapel Chemicals Sample,2023-08-01,Solvents,Solvents,3483.67,19244.38,298287976.15,217143500.0484,81144476.1016,4,85624.63613086198,0.27203401608382266
Matapel Chemicals Sample,2023-09-01,Specialty Chemicals,Additives,2126.44,9133.15,141563839.32,116483542.3362,25080296.98380001,3,66573.16421812982,0.17716598464885439
Matapel Chemicals Sample,2023-09-01,Binders,Industrial Resins,2402.1,12808.849999999999,198537155.4,166176551.0512,32360604.348800004,4,82651.49469214438,0.16299520502145767
Matapel Chemicals Sample,2023-09-01,Colorants,Inorganic Pigments,3418.1400000000003,19474.84,301859965.48,242199679.6322,59660285.84779998,4,88311.17668673606,0.1976422602213304
Matapel Chemicals Sample,2023-09-01,Colorants,Organic Pigments,2662.67,16458.2,255101999.33,182702565.749,72399433.581,3,95806.84025057555,0.2838058257918397
Matapel Chemicals Sample,2023-09-01,Solvents,Solvents,2408.56,11000.9,170513778.34,123469083.17369999,47044695.16630001,3,70794.90581094098,0.2758996699521497
Matapel Chemicals Sample,2023-10-01,Specialty Chemicals,Additives,2831.4,13986.630000000001,216792745.73000002,181146774.5223,35645971.2077,4,76567.33267288268,0.16442418812340948
Matapel Chemicals Sample,2023-10-01,Binders,Industrial Resins,2466.5299999999997,12925.439999999999,200344208.87,167608734.3709,32735474.499100015,4,81225.1255285766,0.1633961604567343
Matapel Chemicals Sample,2023-10-01,Colorants,Inorganic Pigments,3010.04,19759.97,306279393.39,248067004.1696,58212389.220400006,3,101752.59909835085,0.19006302897523186
Matapel Chemicals Sample,2023-10-01,Colorants,Organic Pigments,4818.44,29930.27,463919309.98,348406912.5926,115512397.38739999,4,96279.98065348952,0.24899243230979076
Matapel Chemicals Sample,2023-10-01,Solvents,Solvents,2379.71,13184.68,204362509.85,148147381.1235,56215128.726500005,3,85877.06478940712,0.27507554476484625
Matapel Chemicals Sample,2023-11-01,Specialty Chemicals,Additives,2766.86,13938.96,216053881.97,180987023.0952,35066858.87479998,4,78086.30793390342,0.1623060810343096
Matapel Chemicals Sample,2023-11-01,Binders,Industrial Resins,1556.03,8382.68,129931473.08,108615077.61430001,21316395.465699993,3,83501.90746965032,0.16405875312885349
Matapel Chemicals Sample,2023-11-01,Colorants,Inorganic Pigments,3369.0299999999997,21939.97,340069604.41999996,278203300.2711,61866304.14889999,3,100939.91576804005,0.1819224751192187
Matapel Chemicals Sample,2023-11-01,Colorants,Organic Pigments,3283.6800000000003,20478.670000000002,317419305.47,242101969.0171,75317336.4529,4,96665.72426972177,0.23728026353462742
Matapel Chemicals Sample,2023-11-01,Solvents,Solvents,2905.01,15436.48,239265275.48,174295471.5745,64969803.905499995,3,82362.97826169273,0.27153879214257637
Matapel Chemicals Sample,2023-12-01,Specialty Chemicals,Additives,1501.8200000000002,5245.34,81302788.16,65157340.830800004,16145447.329199994,2,54136.17354942669,0.1985841776720686
Matapel Chemicals Sample,2023-12-01,Binders,Industrial Resins,2417.2799999999997,13271.16,205703063.34,172156106.7364,33546956.603599995,3,85096.91195889596,0.16308438026589475
Matapel Chemicals Sample,2023-12-01,Colorants,Inorganic Pigments,4288.93,21808.54,338032472.8,273125762.13019997,64906710.66980001,4,78815.10605209225,0.1920132410125067
Matapel Chemicals Sample,2023-12-01,Colorants,Organic Pigments,3211.99,16616.260000000002,257552075.89,195090473.9824,62461601.907599986,2,80184.58210953334,0.24252028135186618
Matapel Chemicals Sample,2023-12-01,Solvents,Solvents,2827.59,15307.36,237264212.93,172367479.8371,64896733.0929,4,83910.40176616836,0.27352095072191296
Matapel Chemicals Sample,2024-01-01,Specialty Chemicals,Additives,2566.1000000000004,12200.3,189104654.52999997,157845238.06340003,31259416.466599975,4,73693.40810178868,0.1653022055130902
Matapel Chemicals Sample,2024-01-01,Binders,Industrial Resins,3042.79,15822.49,245248607.31,204866120.18809998,40382487.12190002,4,80599.91235346507,0.16465939425643958
Matapel Chemicals Sample,2024-01-01,Colorants,Inorganic Pigments,4762.01,25712.54,398544272.79999995,323948352.5633,74595920.2367,4,83692.44768490615,0.18717097529120486
Matapel Chemicals Sample,2024-01-01,Colorants,Organic Pigments,2813.08,17015.879999999997,263746103.45,199973235.893,63772867.557,3,93757.057549021,0.24179643499108536
Matapel Chemicals Sample,2024-01-01,Solvents,Solvents,2939.9399999999996,14936.260000000002,231512084.4,167442591.6049,64069492.795099996,4,78747.21402477603,0.2767436220927567
Matapel Chemicals Sample,2024-02-01,Specialty Chemicals,Additives,2872.76,13487.09,209049972.33,173457102.6557,35592869.67430001,4,72769.73096603963,0.17026010229800065
Matapel Chemicals Sample,2024-02-01,Binders,Industrial Resins,1995.94,9662.69,149771705.02,122616415.3587,27155289.661300004,4,75038.18001543132,0.18131121400850567
Matapel Chemicals Sample,2024-02-01,Colorants,Inorganic Pigments,2296.66,14676.93,227492432.07999998,184887121.6952,42605310.384799995,3,99053.59612654899,0.18728231965895645
Matapel Chemicals Sample,2024-02-01,Colorants,Organic Pigments,4139.08,25364.199999999997,393145097.68,298654666.6229,94490431.0571,4,94983.69146766915,0.2403449301916779
Matapel Chemicals Sample,2024-02-01,Solvents,Solvents,2542.56,13530.59,209724345.89,152168416.6925,57555929.19749999,4,82485.50511689005,0.27443608872995584
Matapel Chemicals Sample,2024-03-01,Specialty Chemicals,Additives,2675.5,11912.15,184638368.99,153506477.5912,31131891.3988,4,69010.79012894786,0.16861008667427138
Matapel Chemicals Sample,2024-03-01,Binders,Industrial Resins,1711.3400000000001,8962.36,138916676.86,116144953.8671,22771722.992900003,3,81174.21252351959,0.16392360879643922
Matapel Chemicals Sample,2024-03-01,Colorants,Inorganic Pigments,3369.1,19249.690000000002,298370092.51,241824657.11010003,56545435.39989999,4,88560.77068356534,0.1895144212485199
Matapel Chemicals Sample,2024-03-01,Colorants,Organic Pigments,3531.83,21729.75,336811201.84000003,244250395.85009998,92560805.98990002,3,95364.49994478784,0.27481510556727395
Matapel Chemicals Sample,2024-03-01,Solvents,Solvents,2495.1299999999997,12140.79,188182352.18,134621780.1979,53560571.9821,3,75419.85875685838,0.2846205893465945
Matapel Chemicals Sample,2024-04-01,Specialty Chemicals,Additives,1923.8200000000002,9001.33,139520660.32999998,115368948.4616,24151711.868399993,3,72522.7205923631,0.17310491371869496
Matapel Chemicals Sample,2024-04-01,Binders,Industrial Resins,1901.7399999999998,10361.689999999999,160606034.8,135664110.0173,24941924.7827,3,84452.15160852694,0.15529880190218107
Matapel Chemicals Sample,2024-04-01,Colorants,Inorganic Pigments,4306.76,22674.239999999998,351450743.19,282491230.50839996,68959512.6816,4,81604.44120173866,0.1962138763904089
Matapel Chemicals Sample,2024-04-01,Colorants,Organic Pigments,4355.62,27079.97,419739515.98,324887629.5611,94851886.4189,4,96367.34058067508,0.2259779763586032
Matapel Chemicals Sample,2024-04-01,Solvents,Solvents,3168.4,17403.7,269757315.15999997,196277034.53869998,73480280.6213,4,85139.91767453603,0.2723940241535877
Matapel Chemicals Sample,2024-05-01,Specialty Chemicals,Additives,2293.64,9714.75,150578583.19,124132699.83680001,26445883.353199996,3,65650.48708166931,0.17562845122423945
Matapel Chemicals Sample,2024-05-01,Binders,Industrial Resins,1936.37,11283.619999999999,174896045.32,148909845.7538,25986199.566200003,2,90321.60450740303,0.1485808299361723
Matapel Chemicals Sample,2024-05-01,Colorants,Inorganic Pigments,3575.23,16330.539999999999,253123310.25,205372345.43159997,47750964.8184,3,70799.16823533032,0.1886470462607266
Matapel Chemicals Sample,2024-05-01,Colorants,Organic Pigments,4009.06,22094.38,342462864.24,267172924.37010002,75289939.8699,4,85422.23469840811,0.21984847915403863
Matapel Chemicals Sample,2024-05-01,Solvents,Solvents,1743.5,7440.61,115329325.41,83048884.593,32280440.816999998,2,66148.16484657298,0.2798979418481973
Matapel Chemicals Sample,2024-06-01,Specialty Chemicals,Additives,2434.15,11046.220000000001,171216291.1,142546569.444,28669721.65599999,4,70339.2523468151,0.16744739342154802
Matapel Chemicals Sample,2024-06-01,Binders,Industrial Resins,1680.74,6423.46,99563699.31,77017678.5536,22546020.7564,3,59238.013797493964,0.2264482026345873
Matapel Chemicals Sample,2024-06-01,Colorants,Inorganic Pigments,3253.07,15933.9,246975395.36,194371954.82930002,52603440.53069998,3,75920.713467586,0.21299061169240507
Matapel Chemicals Sample,2024-06-01,Colorants,Organic Pigments,3673.45,25652.870000000003,397619567.92,295047414.0638,102572153.85620002,3,108241.45365256096,0.25796555836718094
Matapel Chemicals Sample,2024-06-01,Solvents,Solvents,2324.8,10460.82,162142615.32999998,118292364.4422,43850250.88779999,3,69744.75883086715,0.2704424792862381
Matapel Chemicals Sample,2024-07-01,Specialty Chemicals,Additives,1182.65,6891.110000000001,106812281.78999999,89766605.0352,17045676.7548,2,90316.05444552486,0.15958536292963882
Matapel Chemicals Sample,2024-07-01,Binders,Industrial Resins,2493.94,13034.27,202031252.45,168256228.0866,33775024.3634,4,81008.86647232893,0.16717722606683766
Matapel Chemicals Sample,2024-07-01,Colorants,Inorganic Pigments,3644.94,19285.69,298928153.44,235762995.1896,63165158.25039999,3,82011.81732483936,0.2113054843563884
Matapel Chemicals Sample,2024-07-01,Colorants,Organic Pigments,2453.1499999999996,12702.53,196889315.21,165000787.56989998,31888527.640100017,2,80259.7946354687,0.16196169713977654
Matapel Chemicals Sample,2024-07-01,Solvents,Solvents,1708.13,8679.12,134526408.3,100568178.804,33958229.49599999,3,78756.53978327177,0.2524279799418386
Matapel Chemicals Sample,2024-08-01,Specialty Chemicals,Additives,2047.3899999999999,8667.14,134340675.41,110828835.73249999,23511839.67750001,4,65615.57661705879,0.17501653617374804
Matapel Chemicals Sample,2024-08-01,Binders,Industrial Resins,2605.59,13075.21,202665693.19,168487518.3625,34178174.8275,4,77781.11413921606,0.1686431200541564
Matapel Chemicals Sample,2024-08-01,Colorants,Inorganic Pigments,3700.32,18903.0,292996566.43,236506517.3589,56490049.071100004,4,79181.4130750854,0.19280106166225697
Matapel Chemicals Sample,2024-08-01,Colorants,Organic Pigments,2681.47,16636.73,257869221.5,204414987.08589998,53454234.41410002,3,96167.11039094228,0.2072920300575694
Matapel Chemicals Sample,2024-08-01,Solvents,Solvents,2597.1800000000003,12500.11,193751697.09,140126120.34159997,53625576.74840002,3,74600.79666792443,0.2767747459961101
Matapel Chemicals Sample,2024-09-01,Specialty Chemicals,Additives,1661.29,7261.1900000000005,112548427.47,93185172.1616,19363255.30840001,3,67747.61027273985,0.17204376590300494
Matapel Chemicals Sample,2024-09-01,Binders,Industrial Resins,2281.96,10671.54,165408728.17000002,135867662.5103,29541065.659699984,4,72485.37580413329,0.1785943582695282
Matapel Chemicals Sample,2024-09-01,Colorants,Inorganic Pigments,3480.4799999999996,23627.989999999998,366233779.46000004,298368469.8408,67865309.61920002,3,105225.07799498922,0.18530598056592498
Matapel Chemicals Sample,2024-09-01,Colorants,Organic Pigments,3830.61,23655.77,366664371.39,280800718.09510005,85863653.29489997,4,95719.57766256548,0.23417506579490294
Matapel Chemicals Sample,2024-09-01,Solvents,Solvents,529.76,3163.36,49032070.62,36355828.92479999,12676241.695200004,1,92555.25260495319,0.2585296018485789
Matapel Chemicals Sample,2024-10-01,Specialty Chemicals,Additives,2434.46,11695.72,181283609.96,151320722.89670002,29962887.06329999,4,74465.63507307575,0.1652818314347958
Matapel Chemicals Sample,2024-10-01,Binders,Industrial Resins,1436.88,6879.67,106634892.22,88642098.12200001,17992794.097999997,3,74212.80289237792,0.16873270768519935
Matapel Chemicals Sample,2024-10-01,Colorants,Inorganic Pigments,4611.02,23412.84,362899216.09000003,294546768.2663,68352447.82369998,4,78702.58990201734,0.1883510484264821
Matapel Chemicals Sample,2024-10-01,Colorants,Organic Pigments,3428.92,19914.3,308671650.89,241853669.9889,66817980.90109999,3,90020.07946817073,0.21646944482411062
Matapel Chemicals Sample,2024-10-01,Solvents,Solvents,2071.67,9364.68,145152544.66,106682667.0762,38469877.5838,3,70065.4759976251,0.26503067978525924
Matapel Chemicals Sample,2024-11-01,Specialty Chemicals,Additives,2378.67,11339.919999999998,175768732.35000002,147051347.464,28717384.886000004,4,73893.70208982332,0.16338164645129502
Matapel Chemicals Sample,2024-11-01,Binders,Industrial Resins,916.8800000000001,3559.91,55178580.55,42976447.9552,12202132.594799995,2,60180.80942980542,0.22113893603593243
Matapel Chemicals Sample,2024-11-01,Colorants,Inorganic Pigments,4454.6900000000005,25196.670000000002,390548319.41999996,315768076.2735,74780243.14649998,4,87671.26767968139,0.1914750094368745
Matapel Chemicals Sample,2024-11-01,Colorants,Organic Pigments,3236.3900000000003,18339.23,284258018.8,208738255.77130002,75519763.0287,3,87831.81841496234,0.2656732898776539
Matapel Chemicals Sample,2024-11-01,Solvents,Solvents,3191.38,17889.69,277290226.52000004,200684018.1299,76606208.39010002,4,86887.24831264219,0.27626725020751736
Matapel Chemicals Sample,2024-12-01,Specialty Chemicals,Additives,993.6800000000001,5286.5599999999995,81941621.79,68816680.0825,13124941.707500007,2,82462.78660132035,0.16017429751557283
Matapel Chemicals Sample,2024-12-01,Binders,Industrial Resins,1992.7099999999998,10809.029999999999,167540050.54000002,141803740.25509998,25736310.284900025,3,84076.48405437823,0.1536128836176727
Matapel Chemicals Sample,2024-12-01,Colorants,Inorganic Pigments,3677.08,19769.75,306431105.89,249521621.668,56909484.22199999,4,83335.44711836566,0.18571706046849196
Matapel Chemicals Sample,2024-12-01,Colorants,Organic Pigments,1424.32,8135.33,126097617.89999999,95835131.3618,30262486.53819999,2,88531.80317625252,0.2399925315179169
Matapel Chemicals Sample,2024-12-01,Solvents,Solvents,1888.01,11327.74,175579950.09,127527786.28800002,48052163.80199999,3,92997.36234977569,0.2736768280055273
Matapel Chemicals Sample,2025-01-01,Specialty Chemicals,Additives,635.71,1306.66,20253265.53,15066841.925100002,5186423.604899999,1,31859.28415472464,0.2560783888019266
Matapel Chemicals Sample,2025-01-01,Binders,Industrial Resins,2757.98,14011.15,217172816.32000002,180945785.765,36227030.555000015,4,78743.43407856475,0.16681199410160144
Matapel Chemicals Sample,2025-01-01,Colorants,Inorganic Pigments,3023.0299999999997,14362.0,222611074.70999998,182054044.72930002,40557029.980699986,3,73638.39416413334,0.18218783604335256
Matapel Chemicals Sample,2025-01-01,Colorants,Organic Pigments,3862.42,23888.75,370275562.66999996,287548479.9475,82727082.7225,4,95866.20892342106,0.22342031465962206
Matapel Chemicals Sample,2025-01-01,Solvents,Solvents,3560.92,19205.35,297682862.1,215634831.30539998,82048030.79460001,4,83597.17772373432,0.27562228546108836
Matapel Chemicals Sample,2025-02-01,Specialty Chemicals,Additives,2490.57,12301.09,190667042.53,159500585.08060002,31166457.44939999,4,76555.58467740317,0.16346011893742038
Matapel Chemicals Sample,2025-02-01,Binders,Industrial Resins,808.7,3413.7200000000003,52912763.370000005,40878911.6324,12033851.737600002,2,65429.40938543341,0.22742814722133461
Matapel Chemicals Sample,2025-02-01,Colorants,Inorganic Pigments,4352.03,22883.45,354693511.32,286579895.681,68113615.639,4,81500.704572349,0.19203513305195133
Matapel Chemicals Sample,2025-02-01,Colorants,Organic Pigments,4134.67,24660.16,382232527.5,290214525.2191,92018002.28089997,4,92445.71574031301,0.24073828274831993
Matapel Chemicals Sample,2025-02-01,Solvents,Solvents,3363.3,15834.0,245427024.41,178513655.21539998,66913369.194600016,4,72972.08824963577,0.27264059186415174
Matapel Chemicals Sample,2025-03-01,Specialty Chemicals,Additives,2504.3100000000004,10418.24,161482563.12,132979732.7953,28502830.324699994,4,64481.85852390478,0.17650717064429508
Matapel Chemicals Sample,2025-03-01,Binders,Industrial Resins,2109.8599999999997,9769.84,151432317.44,123565415.1525,27866902.2875,4,71773.63305622175,0.1840221609138441
Matapel Chemicals Sample,2025-03-01,Colorants,Inorganic Pigments,3549.9900000000002,17284.38,267907966.38,219377644.1411,48530322.238900006,3,75467.24536688835,0.18114549893624557
Matapel Chemicals Sample,2025-03-01,Colorants,Organic Pigments,1805.48,9598.619999999999,148778663.31,115528325.27700001,33250338.032999992,2,82403.93873651329,0.22348861922303012
Matapel Chemicals Sample,2025-03-01,Solvents,Solvents,2679.5,13223.89,204970214.2,150398357.5444,54571856.6556,4,76495.69479380481,0.2662428629866749
Matapel Chemicals Sample,2025-04-01,Specialty Chemicals,Additives,1380.08,7000.98,108515164.25999999,90973966.4992,17541197.760799993,2,78629.61876123124,0.16164743315295235
Matapel Chemicals Sample,2025-04-01,Binders,Industrial Resins,2133.62,12157.010000000002,188433723.35,159681608.1193,28752115.2307,3,88316.44029864737,0.15258476412576816
Matapel Chemicals Sample,2025-04-01,Colorants,Inorganic Pigments,2358.46,14165.79,219569750.52999997,183302483.85220003,36267266.67779997,2,93098.78078491896,0.16517424003196082
Matapel Chemicals Sample,2025-04-01,Colorants,Organic Pigments,4270.85,25180.67,390300232.61,303611349.9572,86688882.65280002,4,91387.01490569793,0.2221082013533469
Matapel Chemicals Sample,2025-04-01,Solvents,Solvents,2219.0699999999997,12239.13,189706415.58,139431199.9994,50275215.58060001,4,85489.15337506254,0.26501589536068554
Matapel Chemicals Sample,2025-05-01,Specialty Chemicals,Additives,2628.84,11176.82,173240725.91,143198067.51560003,30042658.394399986,4,65900.0646330701,0.1734156806177746
Matapel Chemicals Sample,2025-05-01,Binders,Industrial Resins,2333.31,12190.7,188955917.11,156979513.9028,31976403.207200006,4,80981.91715202868,0.16922678948754516
Matapel Chemicals Sample,2025-05-01,Colorants,Inorganic Pigments,3486.85,17166.47,266080389.7,215662720.9934,50417668.7066,3,76309.6748354532,0.18948284299885781
Matapel Chemicals Sample,2025-05-01,Colorants,Organic Pigments,2911.13,20199.96,313099293.51,233543249.9094,79556043.60060002,3,107552.49456740165,0.2540920572152588
Matapel Chemicals Sample,2025-05-01,Solvents,Solvents,2961.65,16579.6,256983911.92,186962444.666,70021467.254,4,86770.52045987878,0.27247412778041114
Matapel Chemicals Sample,2025-06-01,Specialty Chemicals,Additives,2599.6400000000003,14483.04,224487064.14,189356328.824,35130735.316,3,86353.13510332198,0.1564933616579837
Matapel Chemicals Sample,2025-06-01,Binders,Industrial Resins,2378.74,12303.39,190702678.27,158998474.7674,31704203.502600014,4,80169.61848289432,0.16624938773913117
Matapel Chemicals Sample,2025-06-01,Colorants,Inorganic Pigments,3386.58,22963.83,355939450.20000005,290379304.7426,65560145.45740001,3,105102.92099994686,0.18418903951377738
Matapel Chemicals Sample,2025-06-01,Colorants,Organic Pigments,3206.52,19583.02,303536655.92,234215111.91070002,69321544.0093,4,94662.33047665382,0.22837948121682658
Matapel Chemicals Sample,2025-06-01,Solvents,Solvents,2004.3,12318.150000000001,190931354.45999998,137403693.1066,53527661.3534,3,95260.86636731027,0.28035029398282524
Matapel Chemicals Sample,2025-07-01,Specialty Chemicals,Additives,1730.92,6941.33,107590666.35,87966783.9776,19623882.3724,3,62158.081453793355,0.18239391053274207
Matapel Chemicals Sample,2025-07-01,Binders,Industrial Resins,2222.58,11548.79,179006177.18,148227978.3566,30778198.823400006,4,80539.8128211358,0.17193931130349166
Matapel Chemicals Sample,2025-07-01,Colorants,Inorganic Pigments,4253.43,22127.18,342971323.21000004,278761430.97010005,64209892.2399,4,80634.05844459648,0.18721650439732107
Matapel Chemicals Sample,2025-07-01,Colorants,Organic Pigments,4015.5199999999995,25453.989999999998,394536865.90999997,300085092.3597,94451773.55029999,4,98252.99485745309,0.23939910743815235
Matapel Chemicals Sample,2025-07-01,Solvents,Solvents,2458.25,12918.73,200240373.94,147230795.85930002,53009578.080699995,4,81456.47266958201,0.2647297197746134
Matapel Chemicals Sample,2025-08-01,Specialty Chemicals,Additives,2157.52,9746.86,151076388.58,125967922.54169999,25108466.03830001,3,70023.16946308725,0.16619715545427033
Matapel Chemicals Sample,2025-08-01,Binders,Industrial Resins,1037.51,4291.9800000000005,66525659.28,51697061.452700004,14828597.827299997,2,64120.499349403864,0.2229004265089336
Matapel Chemicals Sample,2025-08-01,Colorants,Inorganic Pigments,3945.4700000000003,22453.620000000003,348031005.31,282407667.3723,65623337.93769999,4,88210.277941538,0.18855601063258035
Matapel Chemicals Sample,2025-08-01,Colorants,Organic Pigments,3419.51,23417.39,362969502.3,270962667.95669997,92006834.34329998,3,106146.64156560443,0.2534836501697459
Matapel Chemicals Sample,2025-08-01,Solvents,Solvents,2610.94,13526.3,209657627.70000002,153146779.3931,56510848.30690001,4,80299.67279983455,0.26953871856149025
Matapel Chemicals Sample,2025-09-01,Specialty Chemicals,Additives,1736.45,7930.88,122928517.92,102834007.6898,20094510.230199993,3,70793.00752685076,0.16346500039378326
Matapel Chemicals Sample,2025-09-01,Binders,Industrial Resins,1864.82,8541.24,132389134.28999999,108489890.446,23899243.844000004,3,70992.98285625422,0.18052269902791587
Matapel Chemicals Sample,2025-09-01,Colorants,Inorganic Pigments,3255.71,15716.55,243606521.4,200533125.6045,43073395.79549999,3,74824.39203737433,0.17681544626949378
Matapel Chemicals Sample,2025-09-01,Colorants,Organic Pigments,2571.4,15571.07,241351469.35,177984831.0977,63366638.25229999,3,93859.94763552927,0.2625492126605111
Matapel Chemicals Sample,2025-09-01,Solvents,Solvents,2962.89,15419.619999999999,239003989.58,174254070.2443,64749919.335700005,4,80665.83287938466,0.27091564224297915
Matapel Chemicals Sample,2025-10-01,Specialty Chemicals,Additives,2829.95,13794.48,213814344.0,178581183.8787,35233160.1213,4,75554.10660965742,0.16478389364419815
Matapel Chemicals Sample,2025-10-01,Binders,Industrial Resins,2177.48,10453.220000000001,162024863.60999998,133437730.7185,28587132.89149999,4,74409.34640501864,0.17643670393891092
Matapel Chemicals Sample,2025-10-01,Colorants,Inorganic Pigments,4721.9,24616.61,381557599.68,312114754.0949,69442845.5851,4,80805.94669095069,0.18199832906837515
Matapel Chemicals Sample,2025-10-01,Colorants,Organic Pigments,4563.62,28286.86,438446302.26,333692102.3864,104754199.8736,4,96074.2354227565,0.2389213897657197
Matapel Chemicals Sample,2025-10-01,Solvents,Solvents,2821.44,14318.539999999999,221937368.21,160996439.2051,60940929.00490001,4,78661.02706773845,0.2745861568802461
Matapel Chemicals Sample,2025-11-01,Specialty Chemicals,Additives,2808.02,12921.86,200288841.96,166651453.7026,33637388.25740001,4,71327.42714083234,0.1679443943468293
Matapel Chemicals Sample,2025-11-01,Binders,Industrial Resins,2221.2,11124.17,172424427.54000002,142389454.3624,30034973.17760001,4,77626.70067531065,0.17419210030801652
Matapel Chemicals Sample,2025-11-01,Colorants,Inorganic Pigments,3910.2799999999997,20083.67,311296749.81,248652367.7788,62644382.031200014,4,79609.83607567745,0.20123686504737046
Matapel Chemicals Sample,2025-11-01,Colorants,Organic Pigments,2291.4399999999996,11751.46,182147606.85,146807543.0386,35340063.81140001,3,79490.45440858151,0.19401882035432305
Matapel Chemicals Sample,2025-11-01,Solvents,Solvents,2852.38,15876.47,246085448.16,181438079.9028,64647368.25719999,4,86273.72515583478,0.2627029299805144
Matapel Chemicals Sample,2025-12-01,Specialty Chemicals,Additives,1663.24,6718.8099999999995,104141651.21,85589798.52669999,18551852.683300003,3,62613.72454366177,0.17814056592871266
Matapel Chemicals Sample,2025-12-01,Binders,Industrial Resins,1658.19,7899.870000000001,122447968.57,100927483.7889,21520484.78109999,3,73844.35352402317,0.17575207684068148
Matapel Chemicals Sample,2025-12-01,Colorants,Inorganic Pigments,4131.58,22571.04,349851116.14,281103761.13989997,68747355.00009999,4,84677.31863839015,0.19650460389724567
Matapel Chemicals Sample,2025-12-01,Colorants,Organic Pigments,4338.12,26714.52,414075101.78,316544063.217,97531038.56300002,4,95450.35678588881,0.23553949064732396
Matapel Chemicals Sample,2025-12-01,Solvents,Solvents,2644.42,13919.39,215750471.47,158368577.3031,57381894.166899994,4,81587.06690692098,0.26596416580660365
Matapel Tradindo Sample,2023-01-01,Specialty Chemicals,Additives,2554.81,8396.52,130145938.39,98957179.87510002,31188758.51489999,4,50941.533182506726,0.23964450140148544
Matapel Tradindo Sample,2023-01-01,Binders,Industrial Resins,4149.9,23164.36,359047581.52,273156280.325,85891301.19500001,4,86519.57433191162,0.2392198293924885
Matapel Tradindo Sample,2023-01-01,Colorants,Inorganic Pigments,5200.32,22019.14,341296624.4,261355244.1355,79941380.26449998,4,65629.92746600209,0.23422845275729595
Matapel Tradindo Sample,2023-01-01,Colorants,Organic Pigments,1007.69,7256.530000000001,112476227.17,92012451.6498,20463775.5202,2,111617.88562950907,0.1819386730430638
Matapel Tradindo Sample,2023-01-01,Solvents,Solvents,2140.87,8272.08,128217437.87,95303341.60139999,32914096.26860001,4,59890.34265041783,0.2567053032363016
Matapel Tradindo Sample,2023-02-01,Specialty Chemicals,Additives,2490.34,8051.08,124791613.88,94123221.21440001,30668392.665599998,4,50110.27164162323,0.24575683983934066
Matapel Tradindo Sample,2023-02-01,Binders,Industrial Resins,3237.3,17623.2,273159542.96000004,208839994.4458,64319548.51420002,3,84378.81659407531,0.23546513446765654
Matapel Tradindo Sample,2023-02-01,Colorants,Inorganic Pigments,4721.57,18321.629999999997,283985343.58,220583191.9601,63402151.61990001,4,60146.38003460713,0.22325853447447133
Matapel Tradindo Sample,2023-02-01,Colorants,Organic Pigments,1351.28,8682.880000000001,134584512.29,109108725.32949999,25475786.96050001,3,99597.79785832691,0.18929211487281164
Matapel Tradindo Sample,2023-02-01,Solvents,Solvents,1865.33,7811.65,121080626.82,87955902.65450001,33124724.1655,3,64911.10249660918,0.27357575720799365
Matapel Tradindo Sample,2023-03-01,Specialty Chemicals,Additives,2590.58,8100.56,125558637.88,93735615.28260002,31823022.597399995,4,48467.38486362127,0.25345147999944195
Matapel Tradindo Sample,2023-03-01,Binders,Industrial Resins,3006.07,19629.54,304257947.59,234158505.63050002,70099441.95949998,3,101214.52514079843,0.2303947769146259
Matapel Tradindo Sample,2023-03-01,Colorants,Inorganic Pigments,5007.32,20096.14,311490060.43,240644414.0024,70845646.4276,4,62206.941124194185,0.2274411142679812
Matapel Tradindo Sample,2023-03-01,Colorants,Organic Pigments,2132.71,14172.32,219671093.51,175122441.05719998,44548652.45279999,4,103000.9206643191,0.2027970623762203
Matapel Tradindo Sample,2023-03-01,Solvents,Solvents,1697.54,6595.57,102231274.44000001,71484659.7049,30746614.73510001,2,60223.190287121375,0.3007554674782552
Matapel Tradindo Sample,2023-04-01,Specialty Chemicals,Additives,357.52,1769.53,27427643.32,22392505.024800003,5035138.2952,2,76716.38878943835,0.1835789621607198
Matapel Tradindo Sample,2023-04-01,Binders,Industrial Resins,3555.2400000000002,19645.2,304500681.22,227453578.70929998,77047102.5107,4,85648.41789021276,0.25302768519927843
Matapel Tradindo Sample,2023-04-01,Colorants,Inorganic Pigments,2953.52,11662.92,180775279.39,132348340.3588,48426939.0312,3,61206.72261911211,0.26788474173354726
Matapel Tradindo Sample,2023-04-01,Colorants,Organic Pigments,2099.21,13371.77,207262564.43,165046763.9584,42215800.471599996,4,98733.60189309312,0.20368270839309133
Matapel Tradindo Sample,2023-04-01,Solvents,Solvents,2825.94,10466.59,162232183.20999998,120565983.0803,41666200.12969999,4,57408.219286325955,0.2568306688924081
Matapel Tradindo Sample,2023-05-01,Specialty Chemicals,Additives,1174.47,4285.4,66423737.25,52560841.2874,13862895.962600004,3,56556.35073692814,0.20870394435085785
Matapel Tradindo Sample,2023-05-01,Binders,Industrial Resins,2560.1099999999997,14454.43,224043497.51,163213690.64,60829806.870000005,3,87513.23088070436,0.27150891476903904
Matapel Tradindo Sample,2023-05-01,Colorants,Inorganic Pigments,2551.78,8956.880000000001,138831592.10999998,115844065.3482,22987526.76179999,2,54405.784240804445,0.16557849991078658
Matapel Tradindo Sample,2023-05-01,Colorants,Organic Pigments,1463.7,9648.130000000001,149546060.63,116603250.1205,32942810.509500004,3,102169.8849695976,0.2202853781017047
Matapel Tradindo Sample,2023-05-01,Solvents,Solvents,1892.56,7726.8,119765442.62,90047029.3627,29718413.257299997,3,63282.24342689268,0.24813846638209833
Matapel Tradindo Sample,2023-06-01,Specialty Chemicals,Additives,3181.42,9597.029999999999,148754048.69,112554944.0915,36199104.5985,4,46757.123765488366,0.2433487015465246
Matapel Tradindo Sample,2023-06-01,Binders,Industrial Resins,3354.6099999999997,19030.98,294980189.28999996,223620476.8514,71359712.4386,4,87932.781840512,0.24191357599423424
Matapel Tradindo Sample,2023-06-01,Colorants,Inorganic Pigments,5573.63,21312.9,330349816.5,258070901.0201,72278915.4799,4,59270.13750464239,0.2187950828781526
Matapel Tradindo Sample,2023-06-01,Colorants,Organic Pigments,1320.62,8090.74,125406377.32000001,100224883.35509999,25181493.96490001,3,94960.22877133469,0.20079914995586134
Matapel Tradindo Sample,2023-06-01,Solvents,Solvents,1610.23,5812.38,90091965.18,63213837.1205,26878128.0595,2,55949.749526465166,0.29834101194039464
Matapel Tradindo Sample,2023-07-01,Specialty Chemicals,Additives,3167.1699999999996,9656.44,149674676.31,112516724.1755,37157952.1345,4,47258.17569312668,0.24825810919102964
Matapel Tradindo Sample,2023-07-01,Binders,Industrial Resins,3330.08,18795.0,291322536.64,220986658.67079997,70335877.96920002,4,87482.14356411858,0.2414364462853663
Matapel Tradindo Sample,2023-07-01,Colorants,Inorganic Pigments,4569.0599999999995,19159.08,296965819.82,232090921.1597,64874898.66029997,4,64994.94859336494,0.2184591435459563
Matapel Tradindo Sample,2023-07-01,Colorants,Organic Pigments,1152.08,8793.25,136295420.75,111521918.7774,24773501.972600006,2,118303.7816384279,0.18176327448330656
Matapel Tradindo Sample,2023-07-01,Solvents,Solvents,2685.19,10021.72,155336533.98,113923008.2969,41413525.6831,4,57849.364097140235,0.26660518695770635
Matapel Tradindo Sample,2023-08-01,Specialty Chemicals,Additives,2714.0499999999997,9094.19,140959950.23,107185759.4767,33774190.753299996,4,51937.123571783864,0.23960132433497383
Matapel Tradindo Sample,2023-08-01,Binders,Industrial Resins,4534.41,22952.14,355758316.47,269189503.7765,86568812.69349998,4,78457.4655732499,0.24333601966772309
Matapel Tradindo Sample,2023-08-01,Colorants,Inorganic Pigments,3700.86,11235.66,174152668.04,139704159.7952,34448508.244799994,3,47057.35100490156,0.1978063766263273
Matapel Tradindo Sample,2023-08-01,Colorants,Organic Pigments,2008.02,12453.29,193025983.41,153429156.42689997,39596826.98310001,4,96127.5203484029,0.2051372892062605
Matapel Tradindo Sample,2023-08-01,Solvents,Solvents,2167.37,8568.630000000001,132813661.61,96957954.4806,35855707.1294,3,61278.721035171664,0.2699700218693489
Matapel Tradindo Sample,2023-09-01,Specialty Chemicals,Additives,3018.71,9509.72,147400764.44,111100473.7807,36300290.6593,4,48829.05759082522,0.24626935143254403
Matapel Tradindo Sample,2023-09-01,Binders,Industrial Resins,3270.83,17399.86,269697877.6,203357071.38750002,66340806.21249999,4,82455.48609985845,0.245981936538977
Matapel Tradindo Sample,2023-09-01,Colorants,Inorganic Pigments,3153.4700000000003,11333.68,175672146.35,143233444.0737,32438702.27629999,2,55707.568599035345,0.18465478421189674
Matapel Tradindo Sample,2023-09-01,Colorants,Organic Pigments,1526.52,9823.97,152271432.36,120514432.0747,31757000.2853,4,99750.6959358541,0.20855520824300203
Matapel Tradindo Sample,2023-09-01,Solvents,Solvents,2769.01,10542.99,163416319.5,119272269.23870002,44144050.26129998,4,59016.153607245906,0.27013244696959404
Matapel Tradindo Sample,2023-10-01,Specialty Chemicals,Additives,3722.16,11968.44,185510898.46,139190411.2384,46320487.221599996,4,49839.581979280854,0.24969146075041868
Matapel Tradindo Sample,2023-10-01,Binders,Industrial Resins,5094.83,29198.59,452578015.49,344407974.95299995,108170040.53700003,4,88830.83743520392,0.23900860588618253
Matapel Tradindo Sample,2023-10-01,Colorants,Inorganic Pigments,4525.08,17207.56,266717120.42,205868269.8298,60848850.59019999,4,58941.967969627054,0.22814002526115004
Matapel Tradindo Sample,2023-10-01,Colorants,Organic Pigments,2182.13,14955.39,231808413.03,183981197.0403,47827215.989700004,4,106230.34055257935,0.20632217512964182
Matapel Tradindo Sample,2023-10-01,Solvents,Solvents,2774.07,10450.54,161983269.79,115776210.0256,46207059.7644,3,58391.91865742392,0.2852582234221116
Matapel Tradindo Sample,2023-11-01,Specialty Chemicals,Additives,3242.72,10414.47,161424265.13,119753742.89769998,41670522.232300006,3,49780.51300451473,0.25814286469720915
Matapel Tradindo Sample,2023-11-01,Binders,Industrial Resins,1969.8000000000002,8647.24,134032107.1,100617481.87,33414625.230000004,3,68043.51055944765,0.24930314051594885
Matapel Tradindo Sample,2023-11-01,Colorants,Inorganic Pigments,4831.24,18509.18,286892279.36,225792624.19410002,61099655.16589999,4,59382.742186271025,0.21297071954045346
Matapel Tradindo Sample,2023-11-01,Colorants,Organic Pigments,1442.83,9149.41,141815884.63,113205904.7702,28609979.859799996,4,98290.08589369502,0.20174030528698467
Matapel Tradindo Sample,2023-11-01,Solvents,Solvents,3009.2999999999997,11865.55,183916081.96,132853614.44219999,51062467.5178,4,61115.90135912007,0.27764003546413957
Matapel Tradindo Sample,2023-12-01,Specialty Chemicals,Additives,1508.1999999999998,5576.16,86430324.33,65587340.4507,20842983.879300006,4,57306.93829067764,0.2411536002077155
Matapel Tradindo Sample,2023-12-01,Binders,Industrial Resins,1263.76,10124.67,156932380.8,113525457.3678,43406923.43220001,2,124178.9428372476,0.2765963481272821
Matapel Tradindo Sample,2023-12-01,Colorants,Inorganic Pigments,2443.77,13334.25,206680938.04,147966904.026,58714034.01399999,2,84574.62774320005,0.2840805473925069
Matapel Tradindo Sample,2023-12-01,Colorants,Organic Pigments,2198.8,13555.8,210114940.68,166962212.28,43152728.400000006,4,95558.9142623249,0.20537677263855583
Matapel Tradindo Sample,2023-12-01,Solvents,Solvents,921.6700000000001,2900.69,44960651.870000005,34168661.9872,10791989.8828,2,48781.72433734417,0.24003188196657255
Matapel Tradindo Sample,2024-01-01,Specialty Chemicals,Additives,1961.22,6994.75,108418440.39,81801616.6278,26616823.76219999,3,55281.12113378407,0.24550089142081957
Matapel Tradindo Sample,2024-01-01,Binders,Industrial Resins,1528.17,5945.33,92152624.84,67021591.001099996,25131033.838900007,2,60302.60039131772,0.272710993121832
Matapel Tradindo Sample,2024-01-01,Colorants,Inorganic Pigments,5157.4400000000005,21301.26,330169536.11,256131519.54270002,74038016.56729998,4,64018.10512773779,0.22424242236156308
Matapel Tradindo Sample,2024-01-01,Colorants,Organic Pigments,1387.73,9019.509999999998,139802510.85999998,112993934.0272,26808576.832799997,3,100741.86683288535,0.19176033869410578
Matapel Tradindo Sample,2024-01-01,Solvents,Solvents,2110.87,8238.8,127701512.03,93595653.4932,34105858.5368,3,60497.09931450066,0.2670748215478275
Matapel Tradindo Sample,2024-02-01,Specialty Chemicals,Additives,2131.3,6798.93,105383461.8,80114920.39199999,25268541.408000007,4,49445.62558063153,0.23977710521557385
Matapel Tradindo Sample,2024-02-01,Binders,Industrial Resins,4231.02,23878.49,370116661.53999996,281193438.3066,88923223.23339999,4,87476.93500385249,0.24025728229419283
Matapel Tradindo Sample,2024-02-01,Colorants,Inorganic Pigments,3909.25,11552.24,179059735.51,148655646.228,30404089.282000005,3,45804.114730447014,0.16979858255348546
Matapel Tradindo Sample,2024-02-01,Colorants,Organic Pigments,1985.1100000000001,13046.0,202213193.73000002,161601490.4748,40611703.2552,4,101864.98165340963,0.20083607061478756
Matapel Tradindo Sample,2024-02-01,Solvents,Solvents,1895.82,7922.71,122802111.14,88781560.2468,34020550.893199995,3,64775.19550379256,0.27703555400945035
Matapel Tradindo Sample,2024-03-01,Specialty Chemicals,Additives,2742.29,8884.55,137710329.04,103555232.9504,34155096.0896,4,50217.27426348052,0.2480213091327314
Matapel Tradindo Sample,2024-03-01,Binders,Industrial Resins,2987.44,16089.97,249394586.97,182609575.824,66785011.14599999,2,83481.03626181613,0.26778853525811946
Matapel Tradindo Sample,2024-03-01,Colorants,Inorganic Pigments,3801.12,16908.01,262074339.91,203417653.7316,58656686.17840001,3,68946.61044902555,0.2238169757426215
Matapel Tradindo Sample,2024-03-01,Colorants,Organic Pigments,1325.08,8356.73,129529215.24000001,105382196.20159999,24147019.03840001,3,97751.99628701665,0.1864214107501452
Matapel Tradindo Sample,2024-03-01,Solvents,Solvents,2985.42,11240.93,174234523.45999998,127497245.1381,46737278.321899995,4,58361.812897347765,0.2682434995876678
Matapel Tradindo Sample,2024-04-01,Specialty Chemicals,Additives,2147.83,6491.04,100611069.16,74408274.7252,26202794.4348,3,46843.12499592612,0.26043649723203083
Matapel Tradindo Sample,2024-04-01,Binders,Industrial Resins,2324.4700000000003,14100.42,218556517.29,159237300.6737,59319216.6163,3,94024.23661737943,0.271413624959946
Matapel Tradindo Sample,2024-04-01,Colorants,Inorganic Pigments,3400.1,13272.43,205722720.32,157501539.3913,48221180.92870001,4,60504.902891091435,0.23439890768356728
Matapel Tradindo Sample,2024-04-01,Colorants,Organic Pigments,1782.5,11843.68,183577099.27,143710949.9255,39866149.344500005,3,102988.55499018234,0.2171629767712257
Matapel Tradindo Sample,2024-04-01,Solvents,Solvents,2231.8,8733.65,135371526.28,97304028.71630001,38067497.5637,3,60655.76049825253,0.28120756712871714
Matapel Tradindo Sample,2024-05-01,Specialty Chemicals,Additives,2094.87,7564.570000000001,117250859.66,87462435.1687,29788424.491300005,3,55970.47055903231,0.25405719478457944
Matapel Tradindo Sample,2024-05-01,Binders,Industrial Resins,3534.49,21481.199999999997,332958680.34000003,248376754.1553,84581926.18469998,4,94202.7507051937,0.2540312993141651
Matapel Tradindo Sample,2024-05-01,Colorants,Inorganic Pigments,2315.09,12073.64,187141399.51,134730803.96179998,52410595.5482,2,80835.4748670678,0.28005879877690776
Matapel Tradindo Sample,2024-05-01,Colorants,Organic Pigments,2270.64,14433.11,223713181.2,177720540.9624,45992640.237600006,4,98524.28443082127,0.20558752949153453
Matapel Tradindo Sample,2024-05-01,Solvents,Solvents,2298.27,8723.16,135209096.87,100398223.444,34810873.426,4,58830.814860743085,0.2574595514048122
Matapel Tradindo Sample,2024-06-01,Specialty Chemicals,Additives,2948.89,9042.7,140161824.99,105199320.636,34962504.354,4,47530.36735517433,0.24944384361786412
Matapel Tradindo Sample,2024-06-01,Binders,Industrial Resins,3513.16,18220.98,282425360.86,212841219.5143,69584141.3457,4,80390.69124662697,0.2463806406542693
Matapel Tradindo Sample,2024-06-01,Colorants,Inorganic Pigments,2573.1400000000003,6298.13,97621007.57000001,74080869.2342,23540138.335800003,2,37938.475003303356,0.24113803905291942
Matapel Tradindo Sample,2024-06-01,Colorants,Organic Pigments,1725.56,11756.09,182219404.6,145282767.9231,36936636.67690001,3,105600.15565961195,0.20270418926009381
Matapel Tradindo Sample,2024-06-01,Solvents,Solvents,2176.09,8690.05,134695848.4,97637398.0442,37058450.3558,3,61898.10550115115,0.2751268936348301
Matapel Tradindo Sample,2024-07-01,Specialty Chemicals,Additives,1861.28,6278.99,97324411.88999999,73783365.939,23541045.950999998,4,52288.968822530725,0.24188223174271062
Matapel Tradindo Sample,2024-07-01,Binders,Industrial Resins,4704.4,25531.12,395732590.70000005,301176641.2646,94555949.43540004,4,84119.67322081457,0.23893899986387962
Matapel Tradindo Sample,2024-07-01,Colorants,Inorganic Pigments,4298.06,18803.96,291461389.88,228751547.0158,62709842.86419999,3,67812.31296910699,0.21515660407033255
Matapel Tradindo Sample,2024-07-01,Colorants,Organic Pigments,1823.6999999999998,11870.02,183985252.28,146458755.3926,37526496.8874,4,100885.70065251962,0.20396470055268281
Matapel Tradindo Sample,2024-07-01,Solvents,Solvents,2074.13,8178.71,126770045.36,92057214.42390001,34712830.93609999,3,61119.62382300048,0.27382518352441165
Matapel Tradindo Sample,2024-08-01,Specialty Chemicals,Additives,2826.0699999999997,8716.3,135102634.74,101959415.70729999,33143219.03270001,4,47805.83451223785,0.2453188207356792
Matapel Tradindo Sample,2024-08-01,Binders,Industrial Resins,3411.82,19162.56,297019615.28,224231872.79930001,72787742.48069999,4,87056.0625355382,0.24506038906583016
Matapel Tradindo Sample,2024-08-01,Colorants,Inorganic Pigments,3988.26,14199.44,220091302.29,174853057.8854,45238244.404599994,4,55184.79293977824,0.20554308113908337
Matapel Tradindo Sample,2024-08-01,Colorants,Organic Pigments,1441.08,8677.64,134503499.16,107033449.5489,27470049.611100003,3,93335.20634524107,0.20423297373418314
Matapel Tradindo Sample,2024-08-01,Solvents,Solvents,2909.69,11374.130000000001,176299006.63,128208811.8577,48090194.77229999,4,60590.30571297973,0.27277632297286414
Matapel Tradindo Sample,2024-09-01,Specialty Chemicals,Additives,919.06,2166.95,33587695.27,25322281.172199998,8265414.097800005,1,36545.70460035254,0.246084586374777
Matapel Tradindo Sample,2024-09-01,Binders,Industrial Resins,3576.34,18980.7,294200839.90999997,221740402.65249997,72460437.25750001,4,82263.10695012218,0.24629582050026316
Matapel Tradindo Sample,2024-09-01,Colorants,Inorganic Pigments,5613.64,24796.25,384341821.0,294818600.73090005,89523220.26909997,4,68465.7051396242,0.23292604493618185
Matapel Tradindo Sample,2024-09-01,Colorants,Organic Pigments,1630.0,11143.98,172731664.73000002,138015706.5345,34715958.195499994,3,105970.34646012272,0.20098201594806103
Matapel Tradindo Sample,2024-09-01,Solvents,Solvents,1642.55,5839.37,90510175.47,69031411.4756,21478763.994400006,3,55103.45223585279,0.23730772681486226
Matapel Tradindo Sample,2024-10-01,Specialty Chemicals,Additives,2109.04,7540.0599999999995,116870912.58,85513488.1835,31357424.3965,2,55414.27027462732,0.26830820179516734
Matapel Tradindo Sample,2024-10-01,Binders,Industrial Resins,4230.87,23182.440000000002,359327770.74,271318492.1905,88009278.54950002,4,84929.995660467,0.24492757230606924
Matapel Tradindo Sample,2024-10-01,Colorants,Inorganic Pigments,4923.98,18686.59,289642153.12,233677572.56199998,55964580.558000006,4,58822.77205025204,0.19321973668250433
Matapel Tradindo Sample,2024-10-01,Colorants,Organic Pigments,2176.99,14241.779999999999,220747697.85999998,175357930.4877,45389767.372299984,4,101400.41886274167,0.2056183045727007
Matapel Tradindo Sample,2024-10-01,Solvents,Solvents,3583.25,13593.69,210702175.75,153462088.7178,57240087.032199994,4,58801.97467382962,0.2716634834379492
Matapel Tradindo Sample,2024-11-01,Specialty Chemicals,Additives,2126.47,6755.82,104715302.33,77487840.3882,27227461.941800006,3,49243.724261334515,0.26001416541772787
Matapel Tradindo Sample,2024-11-01,Binders,Industrial Resins,3607.03,19353.199999999997,299974513.4,224400142.644,75574370.75599998,4,83163.8531977832,0.25193597249118826
Matapel Tradindo Sample,2024-11-01,Colorants,Inorganic Pigments,3687.7,13794.59,213816191.3,157053524.784,56762666.516,3,57980.90715079861,0.26547412602798526
Matapel Tradindo Sample,2024-11-01,Colorants,Organic Pigments,1325.54,8656.72,134179228.34,108315979.49509999,25863248.844900012,3,101226.0877378276,0.19275150978931327
Matapel Tradindo Sample,2024-11-01,Solvents,Solvents,2464.51,9892.65,153336130.22,111929007.1083,41407123.11170001,4,62217.694478821344,0.27004152936617665
Matapel Tradindo Sample,2024-12-01,Specialty Chemicals,Additives,635.75,2757.94,42747965.45,34471845.3867,8276120.063300002,3,67240.21305544632,0.19360266567493453
Matapel Tradindo Sample,2024-12-01,Binders,Industrial Resins,2824.12,18489.629999999997,286589351.82000005,220145674.2042,66443677.61580001,3,101479.16937665541,0.2318427994405448
Matapel Tradindo Sample,2024-12-01,Colorants,Inorganic Pigments,4410.92,17400.739999999998,269711446.09,209012566.57770002,60698879.5123,4,61146.30192567536,0.22505118115026307
Matapel Tradindo Sample,2024-12-01,Colorants,Organic Pigments,1624.71,10411.189999999999,161373499.32999998,130750214.86230001,30623284.467700005,3,99324.49442054273,0.1897665019029987
Matapel Tradindo Sample,2024-12-01,Solvents,Solvents,1892.57,8014.08,124218274.86999999,91014517.2651,33203757.604899988,2,65634.7056489324,0.2673017125672468
Matapel Tradindo Sample,2025-01-01,Specialty Chemicals,Additives,2493.48,7441.09,115336866.83,85805633.55499999,29531233.275000006,3,46255.38076503521,0.25604331109954087
Matapel Tradindo Sample,2025-01-01,Binders,Industrial Resins,3386.59,19188.09,297415346.66,220487092.08780003,76928254.5722,4,87821.48020870551,0.2586559686179981
Matapel Tradindo Sample,2025-01-01,Colorants,Inorganic Pigments,2771.03,11572.789999999999,179378050.94,130559241.43050002,48818809.50949999,3,64733.34858879189,0.27215598147974834
Matapel Tradindo Sample,2025-01-01,Colorants,Organic Pigments,1753.9,11191.630000000001,173470264.18,139647884.4337,33822379.7463,4,98905.44739152746,0.19497508639984823
Matapel Tradindo Sample,2025-01-01,Solvents,Solvents,2943.11,11355.93,176017013.43,129969855.0634,46047158.36660001,4,59806.467794272045,0.26160629287641246
Matapel Tradindo Sample,2025-02-01,Specialty Chemicals,Additives,2849.69,8925.619999999999,138347139.02,103368417.647,34978721.373,4,48548.136470984566,0.25283299402341336
Matapel Tradindo Sample,2025-02-01,Binders,Industrial Resins,3292.11,21379.36,331380163.0,253437360.92720002,77942802.07279998,3,100658.89748519946,0.23520660188944376
Matapel Tradindo Sample,2025-02-01,Colorants,Inorganic Pigments,3003.05,10440.55,161828561.70999998,134864344.75980002,26964216.950199977,2,53888.06770117047,0.16662211333571877
Matapel Tradindo Sample,2025-02-01,Colorants,Organic Pigments,1398.22,8776.4,136034398.96,106205341.3978,29829057.562200006,3,97291.12654660926,0.21927584339142805
Matapel Tradindo Sample,2025-02-01,Solvents,Solvents,2406.85,9582.41,148527351.98000002,105957978.8766,42569373.1034,3,61710.26527619088,0.2866096549619506
Matapel Tradindo Sample,2025-03-01,Specialty Chemicals,Additives,2725.88,7258.8099999999995,112511643.30000001,83222918.62439999,29288724.675600007,2,41275.34715394662,0.26031727754171025
Matapel Tradindo Sample,2025-03-01,Binders,Industrial Resins,3061.28,15468.699999999999,239764931.33999997,189192194.18370003,50572737.15629996,3,78321.79066926251,0.2109263305257307
Matapel Tradindo Sample,2025-03-01,Colorants,Inorganic Pigments,3710.1000000000004,16895.8,261884905.43,204227342.3964,57657563.03359999,3,70587.02068138325,0.22016375070922692
Matapel Tradindo Sample,2025-03-01,Colorants,Organic Pigments,1624.15,9560.82,148192755.92,117302850.0205,30889905.899499994,3,91243.26935320013,0.20844410178980358
Matapel Tradindo Sample,2025-03-01,Solvents,Solvents,2441.29,10271.789999999999,159212786.56,116128172.3584,43084614.2016,3,65216.66273158863,0.2706102639900934
Matapel Tradindo Sample,2025-04-01,Specialty Chemicals,Additives,1788.8500000000001,5899.29,91439046.97,69977647.4076,21461399.5624,4,51116.1064203259,0.234707165850506
Matapel Tradindo Sample,2025-04-01,Binders,Industrial Resins,1726.29,8111.16,125723005.84,92271362.8203,33451643.0197,2,72828.43892972791,0.2660741587921614
Matapel Tradindo Sample,2025-04-01,Colorants,Inorganic Pigments,3313.7999999999997,14140.93,219184483.5,169203312.4763,49981171.023700014,3,66142.94269418795,0.22803243288752242
Matapel Tradindo Sample,2025-04-01,Colorants,Organic Pigments,1588.55,9697.2,150306536.49,121090051.00919999,29216485.480800003,3,94618.70038085047,0.1943793407996185
Matapel Tradindo Sample,2025-04-01,Solvents,Solvents,2517.3199999999997,10076.91,156192276.71,114003903.0492,42188373.66080001,4,62047.04873039583,0.27010537620327135
Matapel Tradindo Sample,2025-05-01,Specialty Chemicals,Additives,2280.42,7048.86,109257295.22,81119431.3698,28137863.850199994,3,47911.04060655493,0.2575376206553688
Matapel Tradindo Sample,2025-05-01,Binders,Industrial Resins,2017.17,13766.96,213387980.01,161696249.3443,51691730.66569999,3,105785.81875102247,0.2422429354421817
Matapel Tradindo Sample,2025-05-01,Colorants,Inorganic Pigments,5418.1900000000005,22349.850000000002,346422504.35,266433832.0932,79988672.25680001,4,63936.94284438161,0.23089918019871275
Matapel Tradindo Sample,2025-05-01,Colorants,Organic Pigments,1241.08,7224.23,111975691.69,88178389.3178,23797302.372200005,3,90224.39463209463,0.21252203949837467
Matapel Tradindo Sample,2025-05-01,Solvents,Solvents,2670.48,10325.599999999999,160046747.09,116712817.7229,43333929.3671,4,59931.82764521734,0.2707579513798664
Matapel Tradindo Sample,2025-06-01,Specialty Chemicals,Additives,2893.78,9399.769999999999,145696415.1,110929504.4488,34766910.6512,4,50348.131198639836,0.23862571105361396
Matapel Tradindo Sample,2025-06-01,Binders,Industrial Resins,1863.09,11098.03,172019516.03,135371437.9434,36648078.0866,2,92330.22346209791,0.21304604810194103
Matapel Tradindo Sample,2025-06-01,Colorants,Inorganic Pigments,2035.53,9880.56,153148746.51999998,110932141.0503,42216605.469699994,2,75237.77420131366,0.2756575318374339
Matapel Tradindo Sample,2025-06-01,Colorants,Organic Pigments,1729.0900000000001,11458.97,177613978.81,142139504.897,35474473.91299999,4,102721.07224609476,0.19972793893068685
Matapel Tradindo Sample,2025-06-01,Solvents,Solvents,3082.23,12061.75,186957054.34,137292304.8568,49664749.483200006,4,60656.425490635025,0.26564790324990745
Matapel Tradindo Sample,2025-07-01,Specialty Chemicals,Additives,2374.4500000000003,7470.9,115799143.54,85736211.2118,30062932.328200005,3,48768.82795594769,0.2596127346815436
Matapel Tradindo Sample,2025-07-01,Binders,Industrial Resins,3413.09,15135.97,234607555.94,182196582.35520002,52410973.584799975,3,68737.58264212194,0.22339848934023201
Matapel Tradindo Sample,2025-07-01,Colorants,Inorganic Pigments,2365.75,7638.34,118394208.75,94590266.45539999,23803942.294600002,2,50045.10567473317,0.20105664412069482
Matapel Tradindo Sample,2025-07-01,Colorants,Organic Pigments,1698.06,12342.36,191306496.05,152556921.6033,38749574.44669999,3,112661.79996584338,0.20255231916731345
Matapel Tradindo Sample,2025-07-01,Solvents,Solvents,2972.16,11301.29,175169889.35999998,129294320.51900001,45875568.84099999,4,58936.89752906976,0.2618918639990628
Matapel Tradindo Sample,2025-08-01,Specialty Chemicals,Additives,2743.0299999999997,9078.2,140712067.51,104187928.4881,36524139.0219,4,51298.04176768027,0.2595665010700261
Matapel Tradindo Sample,2025-08-01,Binders,Industrial Resins,3281.7799999999997,19118.65,296339065.43,224854430.7572,71484634.6728,4,90298.27271480722,0.24122582208009902
Matapel Tradindo Sample,2025-08-01,Colorants,Inorganic Pigments,5506.58,23382.02,362421300.44,281436858.8551,80984441.58489999,4,65816.04197886892,0.2234538684304159
Matapel Tradindo Sample,2025-08-01,Colorants,Organic Pigments,1540.92,9889.14,153281640.88,119832740.899,33448899.981,3,99474.10694909534,0.21821856674398618
Matapel Tradindo Sample,2025-08-01,Solvents,Solvents,2430.9,9452.06,146506953.6,105123363.798,41383589.802,3,60268.605701592,0.28246843433102414
Matapel Tradindo Sample,2025-09-01,Specialty Chemicals,Additives,2732.47,7850.610000000001,121684289.2,90234434.6406,31449854.559400007,3,44532.708209056276,0.25845452002196523
Matapel Tradindo Sample,2025-09-01,Binders,Industrial Resins,3632.09,19734.35,305882414.2,234545811.684,71336602.516,3,84216.6395105848,0.23321576921174964
Matapel Tradindo Sample,2025-09-01,Colorants,Inorganic Pigments,4251.8,17110.07,265205932.11,203700581.62660003,61505350.48339999,4,62374.97815278235,0.2319154401791031
Matapel Tradindo Sample,2025-09-01,Colorants,Organic Pigments,1850.77,12215.9,189346506.13,149959294.2771,39387211.8529,4,102306.8809900744,0.20801657584248132
Matapel Tradindo Sample,2025-09-01,Solvents,Solvents,1212.38,4326.17,67055701.849999994,51538092.1477,15517609.702299997,3,55309.14552368069,0.23141372432447366
Matapel Tradindo Sample,2025-10-01,Specialty Chemicals,Additives,2234.62,6590.4800000000005,102152433.52000001,74589597.7254,27562835.7946,2,45713.559137571494,0.2698206478772097
Matapel Tradindo Sample,2025-10-01,Binders,Industrial Resins,3394.85,18208.32,282229008.62,215066700.6999,67162307.9201,3,83134.45619688646,0.2379709592876364
Matapel Tradindo Sample,2025-10-01,Colorants,Inorganic Pigments,4665.85,17816.18,276150843.42,215347032.7478,60803810.6722,4,59185.5382020425,0.22018332415419425
Matapel Tradindo Sample,2025-10-01,Colorants,Organic Pigments,1962.45,11903.7,184507106.41000003,145963474.1212,38543632.288800016,4,94018.75533644171,0.2089005298427411
Matapel Tradindo Sample,2025-10-01,Solvents,Solvents,2180.89,8556.99,132633304.19,98778180.1047,33855124.085300006,4,60816.136618536475,0.25525356766202423
Matapel Tradindo Sample,2025-11-01,Specialty Chemicals,Additives,2599.5299999999997,7239.12,112206313.03999999,83214072.40239999,28992240.637600005,3,43164.07698314695,0.2583833284608922
Matapel Tradindo Sample,2025-11-01,Binders,Industrial Resins,4511.87,25802.14,399933223.84,303879731.3269,96053492.5131,4,88640.23649617564,0.24017382599733153
Matapel Tradindo Sample,2025-11-01,Colorants,Inorganic Pigments,4301.34,20601.05,319316306.6,244986299.15670002,74330007.44330001,3,74236.47202964658,0.23277861451783435
Matapel Tradindo Sample,2025-11-01,Colorants,Organic Pigments,2125.7400000000002,13612.529999999999,210994340.3,167106213.68310001,43888126.61689998,4,99256.88950671295,0.20800617947617991
Matapel Tradindo Sample,2025-11-01,Solvents,Solvents,1289.69,5422.9400000000005,84055619.02,60781291.975200005,23274327.0448,2,65175.05681210213,0.27689198314347263
Matapel Tradindo Sample,2025-12-01,Specialty Chemicals,Additives,3110.13,8768.83,135916837.11,100806636.8628,35110200.247200005,3,43701.336313916145,0.2583211984162394
Matapel Tradindo Sample,2025-12-01,Binders,Industrial Resins,2110.46,12420.84,192522965.51,139734919.499,52788046.01099999,3,91223.22408858732,0.2741909042963401
Matapel Tradindo Sample,2025-12-01,Colorants,Inorganic Pigments,3935.7200000000003,16506.52,255850973.43,186309805.5692,69541167.8608,3,65007.41247598914,0.27180341324683777
Matapel Tradindo Sample,2025-12-01,Colorants,Organic Pigments,1790.6200000000001,11636.85,180371145.86,143612158.6442,36758987.2158,4,100731.11316750624,0.20379638350987409
Matapel Tradindo Sample,2025-12-01,Solvents,Solvents,1553.33,6816.06,105648911.97,77952308.5627,27696603.407300003,3,68014.46696452139,0.26215701506859546
